"DEPARTURES_SCHEDULED","DEPARTURES_PERFORMED","PAYLOAD","SEATS","PASSENGERS","FREIGHT","MAIL","DISTANCE","RAMP_TO_RAMP","AIR_TIME","UNIQUE_CARRIER","AIRLINE_ID","UNIQUE_CARRIER_NAME","UNIQUE_CARRIER_ENTITY","REGION","CARRIER","CARRIER_NAME","CARRIER_GROUP","CARRIER_GROUP_NEW","ORIGIN_AIRPORT_ID","ORIGIN_AIRPORT_SEQ_ID","ORIGIN_CITY_MARKET_ID","ORIGIN","ORIGIN_CITY_NAME","ORIGIN_STATE_ABR","ORIGIN_STATE_FIPS","ORIGIN_STATE_NM","ORIGIN_WAC","DEST_AIRPORT_ID","DEST_AIRPORT_SEQ_ID","DEST_CITY_MARKET_ID","DEST","DEST_CITY_NAME","DEST_STATE_ABR","DEST_STATE_FIPS","DEST_STATE_NM","DEST_WAC","AIRCRAFT_GROUP","AIRCRAFT_TYPE","AIRCRAFT_CONFIG","YEAR","QUARTER","MONTH","DISTANCE_GROUP","CLASS",
0.00,2.00,2600.00,10.00,1.00,0.00,0.00,0.00,163.00,159.00,"2E",20319,"Smokey Bay Air Inc.","06971","D","2E","Smokey Bay Air Inc.",1,5,12184,1218402,30009,"HOM","Homer, AK","AK","02","Alaska",1,12184,1218402,30009,"HOM","Homer, AK","AK","02","Alaska",1,0,"035",3,2013,1,1,1,"L",
0.00,30.00,39000.00,150.00,43.00,0.00,345.00,26.00,540.00,480.00,"2E",20319,"Smokey Bay Air Inc.","06971","D","2E","Smokey Bay Air Inc.",1,5,12184,1218402,30009,"HOM","Homer, AK","AK","02","Alaska",1,12649,1264902,32649,"KEB","Nanwalek, AK","AK","02","Alaska",1,0,"035",3,2013,1,1,1,"F",
0.00,24.00,31200.00,120.00,33.00,0.00,58.00,24.00,432.00,384.00,"2E",20319,"Smokey Bay Air Inc.","06971","D","2E","Smokey Bay Air Inc.",1,5,12184,1218402,30009,"HOM","Homer, AK","AK","02","Alaska",1,14088,1408801,34088,"PGM","Port Graham, AK","AK","02","Alaska",1,0,"035",3,2013,1,1,1,"F",
0.00,71.00,92300.00,355.00,121.00,2649.00,1846.00,16.00,998.00,856.00,"2E",20319,"Smokey Bay Air Inc.","06971","D","2E","Smokey Bay Air Inc.",1,5,12184,1218402,30009,"HOM","Homer, AK","AK","02","Alaska",1,14942,1494202,34942,"SOV","Seldovia, AK","AK","02","Alaska",1,0,"035",3,2013,1,1,1,"F",
0.00,27.00,35100.00,135.00,34.00,0.00,0.00,26.00,496.00,442.00,"2E",20319,"Smokey Bay Air Inc.","06971","D","2E","Smokey Bay Air Inc.",1,5,12649,1264902,32649,"KEB","Nanwalek, AK","AK","02","Alaska",1,12184,1218402,30009,"HOM","Homer, AK","AK","02","Alaska",1,0,"035",3,2013,1,1,1,"F",
0.00,14.00,18200.00,70.00,23.00,0.00,181.00,3.00,60.00,32.00,"2E",20319,"Smokey Bay Air Inc.","06971","D","2E","Smokey Bay Air Inc.",1,5,12649,1264902,32649,"KEB","Nanwalek, AK","AK","02","Alaska",1,14088,1408801,34088,"PGM","Port Graham, AK","AK","02","Alaska",1,0,"035",3,2013,1,1,1,"F",
0.00,40.00,52000.00,200.00,42.00,0.00,0.00,10.00,332.00,252.00,"2E",20319,"Smokey Bay Air Inc.","06971","D","2E","Smokey Bay Air Inc.",1,5,12649,1264902,32649,"KEB","Nanwalek, AK","AK","02","Alaska",1,14942,1494202,34942,"SOV","Seldovia, AK","AK","02","Alaska",1,0,"035",3,2013,1,1,1,"F",
0.00,18.00,23400.00,90.00,27.00,0.00,0.00,24.00,325.00,289.00,"2E",20319,"Smokey Bay Air Inc.","06971","D","2E","Smokey Bay Air Inc.",1,5,14088,1408801,34088,"PGM","Port Graham, AK","AK","02","Alaska",1,12184,1218402,30009,"HOM","Homer, AK","AK","02","Alaska",1,0,"035",3,2013,1,1,1,"F",
0.00,28.00,36400.00,140.00,35.00,355.00,41.00,3.00,112.00,56.00,"2E",20319,"Smokey Bay Air Inc.","06971","D","2E","Smokey Bay Air Inc.",1,5,14088,1408801,34088,"PGM","Port Graham, AK","AK","02","Alaska",1,12649,1264902,32649,"KEB","Nanwalek, AK","AK","02","Alaska",1,0,"035",3,2013,1,1,1,"F",
0.00,16.00,20800.00,80.00,10.00,0.00,0.00,8.00,129.00,97.00,"2E",20319,"Smokey Bay Air Inc.","06971","D","2E","Smokey Bay Air Inc.",1,5,14088,1408801,34088,"PGM","Port Graham, AK","AK","02","Alaska",1,14942,1494202,34942,"SOV","Seldovia, AK","AK","02","Alaska",1,0,"035",3,2013,1,1,1,"F",
0.00,81.00,105300.00,405.00,151.00,0.00,128.00,16.00,1134.00,972.00,"2E",20319,"Smokey Bay Air Inc.","06971","D","2E","Smokey Bay Air Inc.",1,5,14942,1494202,34942,"SOV","Seldovia, AK","AK","02","Alaska",1,12184,1218402,30009,"HOM","Homer, AK","AK","02","Alaska",1,0,"035",3,2013,1,1,1,"F",
0.00,23.00,29900.00,115.00,23.00,601.00,68.00,10.00,194.00,148.00,"2E",20319,"Smokey Bay Air Inc.","06971","D","2E","Smokey Bay Air Inc.",1,5,14942,1494202,34942,"SOV","Seldovia, AK","AK","02","Alaska",1,12649,1264902,32649,"KEB","Nanwalek, AK","AK","02","Alaska",1,0,"035",3,2013,1,1,1,"F",
0.00,24.00,31200.00,120.00,26.00,645.00,82.00,8.00,192.00,144.00,"2E",20319,"Smokey Bay Air Inc.","06971","D","2E","Smokey Bay Air Inc.",1,5,14942,1494202,34942,"SOV","Seldovia, AK","AK","02","Alaska",1,14088,1408801,34088,"PGM","Port Graham, AK","AK","02","Alaska",1,0,"035",3,2013,1,1,1,"F",
0.00,1.00,6500.00,0.00,0.00,0.00,0.00,513.00,127.00,112.00,"2F",20320,"Frontier Flying Service","06987","D","2F","Frontier Flying Service",1,5,10170,1017001,30070,"ADQ","Kodiak, AK","AK","02","Alaska",1,11630,1163002,31517,"FAI","Fairbanks, AK","AK","02","Alaska",1,4,"487",2,2013,1,1,2,"P",
0.00,1.00,6500.00,0.00,0.00,1447.00,0.00,49.00,25.00,22.00,"2F",20320,"Frontier Flying Service","06987","D","2F","Frontier Flying Service",1,5,10184,1018402,30184,"AET","Allakaket, AK","AK","02","Alaska",1,15504,1550403,35504,"UTO","Utopia, AK","AK","02","Alaska",1,4,"487",2,2013,1,1,1,"P",
0.00,1.00,6500.00,0.00,0.00,0.00,0.00,164.00,62.00,55.00,"2F",20320,"Frontier Flying Service","06987","D","2F","Frontier Flying Service",1,5,10247,1024702,30247,"AKP","Anaktuvuk Pass, AK","AK","02","Alaska",1,14709,1470903,30073,"SCC","Deadhorse, AK","AK","02","Alaska",1,4,"487",2,2013,1,1,1,"P",
0.00,1.00,6500.00,0.00,0.00,1336.00,0.00,261.00,63.00,62.00,"2F",20320,"Frontier Flying Service","06987","D","2F","Frontier Flying Service",1,5,10299,1029904,30299,"ANC","Anchorage, AK","AK","02","Alaska",1,11630,1163002,31517,"FAI","Fairbanks, AK","AK","02","Alaska",1,4,"487",2,2013,1,1,1,"P",
0.00,2.00,13000.00,0.00,0.00,0.00,0.00,115.00,92.00,80.00,"2F",20320,"Frontier Flying Service","06987","D","2F","Frontier Flying Service",1,5,10775,1077502,30775,"BTI","Barter Island, AK","AK","02","Alaska",1,14709,1470903,30073,"SCC","Deadhorse, AK","AK","02","Alaska",1,4,"487",2,2013,1,1,1,"P",
0.00,1.00,6500.00,0.00,0.00,0.00,0.00,513.00,182.00,160.00,"2F",20320,"Frontier Flying Service","06987","D","2F","Frontier Flying Service",1,5,11630,1163002,31517,"FAI","Fairbanks, AK","AK","02","Alaska",1,10170,1017001,30070,"ADQ","Kodiak, AK","AK","02","Alaska",1,4,"487",2,2013,1,1,2,"P",
0.00,1.00,6500.00,0.00,0.00,2564.00,1909.00,182.00,66.00,58.00,"2F",20320,"Frontier Flying Service","06987","D","2F","Frontier Flying Service",1,5,11630,1163002,31517,"FAI","Fairbanks, AK","AK","02","Alaska",1,10184,1018402,30184,"AET","Allakaket, AK","AK","02","Alaska",1,4,"487",2,2013,1,1,1,"G",
0.00,1.00,6500.00,0.00,0.00,6024.00,0.00,254.00,90.00,79.00,"2F",20320,"Frontier Flying Service","06987","D","2F","Frontier Flying Service",1,5,11630,1163002,31517,"FAI","Fairbanks, AK","AK","02","Alaska",1,10247,1024702,30247,"AKP","Anaktuvuk Pass, AK","AK","02","Alaska",1,4,"487",2,2013,1,1,1,"P",
0.00,1.00,6500.00,0.00,0.00,0.00,0.00,261.00,66.00,58.00,"2F",20320,"Frontier Flying Service","06987","D","2F","Frontier Flying Service",1,5,11630,1163002,31517,"FAI","Fairbanks, AK","AK","02","Alaska",1,10299,1029904,30299,"ANC","Anchorage, AK","AK","02","Alaska",1,4,"487",2,2013,1,1,1,"P",
0.00,1.00,6500.00,0.00,0.00,0.00,0.00,60.00,29.00,26.00,"2F",20320,"Frontier Flying Service","06987","D","2F","Frontier Flying Service",1,5,13767,1376703,33767,"NUI","Nuiqsut, AK","AK","02","Alaska",1,14709,1470903,30073,"SCC","Deadhorse, AK","AK","02","Alaska",1,4,"487",2,2013,1,1,1,"P",
0.00,1.00,6500.00,0.00,0.00,5500.00,0.00,204.00,73.00,64.00,"2F",20320,"Frontier Flying Service","06987","D","2F","Frontier Flying Service",1,5,14709,1470903,30073,"SCC","Deadhorse, AK","AK","02","Alaska",1,10754,1075402,30107,"BRW","Barrow, AK","AK","02","Alaska",1,4,"487",2,2013,1,1,1,"P",
0.00,1.00,6500.00,0.00,0.00,1913.00,511.00,115.00,46.00,40.00,"2F",20320,"Frontier Flying Service","06987","D","2F","Frontier Flying Service",1,5,14709,1470903,30073,"SCC","Deadhorse, AK","AK","02","Alaska",1,10775,1077502,30775,"BTI","Barter Island, AK","AK","02","Alaska",1,4,"487",2,2013,1,1,1,"G",
0.00,1.00,6500.00,0.00,0.00,4765.00,0.00,115.00,46.00,40.00,"2F",20320,"Frontier Flying Service","06987","D","2F","Frontier Flying Service",1,5,14709,1470903,30073,"SCC","Deadhorse, AK","AK","02","Alaska",1,10775,1077502,30775,"BTI","Barter Island, AK","AK","02","Alaska",1,4,"487",2,2013,1,1,1,"P",
0.00,1.00,6500.00,0.00,0.00,2664.00,2574.00,60.00,29.00,26.00,"2F",20320,"Frontier Flying Service","06987","D","2F","Frontier Flying Service",1,5,14709,1470903,30073,"SCC","Deadhorse, AK","AK","02","Alaska",1,13767,1376703,33767,"NUI","Nuiqsut, AK","AK","02","Alaska",1,4,"487",2,2013,1,1,1,"G",
0.00,1.00,6500.00,0.00,0.00,0.00,0.00,187.00,68.00,60.00,"2F",20320,"Frontier Flying Service","06987","D","2F","Frontier Flying Service",1,5,15504,1550403,35504,"UTO","Utopia, AK","AK","02","Alaska",1,11630,1163002,31517,"FAI","Fairbanks, AK","AK","02","Alaska",1,4,"487",2,2013,1,1,1,"P",
0.00,5.00,10033.00,45.00,10.00,2185.00,0.00,91.00,195.00,167.00,"4W",20323,"Warbelow","06967","D","4W","Warbelow",1,5,10040,1004001,30040,"A27","Pogo Mines, AK","AK","02","Alaska",1,11630,1163002,31517,"FAI","Fairbanks, AK","AK","02","Alaska",1,1,"194",1,2013,1,1,1,"L",
0.00,1.00,2490.00,9.00,2.00,0.00,0.00,182.00,65.00,57.00,"4W",20323,"Warbelow","06967","D","4W","Warbelow",1,5,10184,1018402,30184,"AET","Allakaket, AK","AK","02","Alaska",1,11630,1163002,31517,"FAI","Fairbanks, AK","AK","02","Alaska",1,1,"194",1,2013,1,1,1,"L",
0.00,4.00,6936.00,36.00,4.00,1.00,0.00,85.00,158.00,138.00,"4W",20323,"Warbelow","06967","D","4W","Warbelow",1,5,10247,1024702,30247,"AKP","Anaktuvuk Pass, AK","AK","02","Alaska",1,10783,1078302,30783,"BTT","Bettles, AK","AK","02","Alaska",1,1,"194",1,2013,1,1,1,"F",
0.00,2.00,4182.00,18.00,0.00,15.00,0.00,73.00,77.00,68.00,"4W",20323,"Warbelow","06967","D","4W","Warbelow",1,5,10247,1024702,30247,"AKP","Anaktuvuk Pass, AK","AK","02","Alaska",1,11214,1121402,31214,"CXF","Coldfoot, AK","AK","02","Alaska",1,1,"194",1,2013,1,1,1,"F",
0.00,31.00,53504.00,279.00,41.00,4.00,13.00,254.00,2763.00,2371.00,"4W",20323,"Warbelow","06967","D","4W","Warbelow",1,5,10247,1024702,30247,"AKP","Anaktuvuk Pass, AK","AK","02","Alaska",1,11630,1163002,31517,"FAI","Fairbanks, AK","AK","02","Alaska",1,1,"194",1,2013,1,1,1,"F",
0.00,5.00,7940.00,45.00,11.00,163.00,2105.00,85.00,201.00,176.00,"4W",20323,"Warbelow","06967","D","4W","Warbelow",1,5,10783,1078302,30783,"BTT","Bettles, AK","AK","02","Alaska",1,10247,1024702,30247,"AKP","Anaktuvuk Pass, AK","AK","02","Alaska",1,1,"194",1,2013,1,1,1,"F",
0.00,1.00,1928.00,9.00,2.00,0.00,0.00,43.00,21.00,18.00,"4W",20323,"Warbelow","06967","D","4W","Warbelow",1,5,10783,1078302,30783,"BTT","Bettles, AK","AK","02","Alaska",1,11214,1121402,31214,"CXF","Coldfoot, AK","AK","02","Alaska",1,1,"194",1,2013,1,1,1,"F",
0.00,6.00,11414.00,54.00,9.00,33.00,107.00,179.00,413.00,360.00,"4W",20323,"Warbelow","06967","D","4W","Warbelow",1,5,10783,1078302,30783,"BTT","Bettles, AK","AK","02","Alaska",1,11630,1163002,31517,"FAI","Fairbanks, AK","AK","02","Alaska",1,1,"194",1,2013,1,1,1,"F",
0.00,3.00,6973.00,27.00,12.00,0.00,0.00,179.00,205.00,173.00,"4W",20323,"Warbelow","06967","D","4W","Warbelow",1,5,10783,1078302,30783,"BTT","Bettles, AK","AK","02","Alaska",1,11630,1163002,31517,"FAI","Fairbanks, AK","AK","02","Alaska",1,1,"194",1,2013,1,1,1,"L",
0.00,12.00,23179.00,108.00,21.00,123.00,195.00,104.00,528.00,456.00,"4W",20323,"Warbelow","06967","D","4W","Warbelow",1,5,10938,1093802,30938,"CEM","Central, AK","AK","02","Alaska",1,11630,1163002,31517,"FAI","Fairbanks, AK","AK","02","Alaska",1,1,"194",1,2013,1,1,1,"F",
0.00,8.00,14799.00,72.00,2.00,789.00,380.00,27.00,123.00,105.00,"4W",20323,"Warbelow","06967","D","4W","Warbelow",1,5,10938,1093802,30938,"CEM","Central, AK","AK","02","Alaska",1,12370,1237003,32370,"IRC","Circle, AK","AK","02","Alaska",1,1,"194",1,2013,1,1,1,"F",
0.00,7.00,12622.00,63.00,7.00,3.00,16.00,173.00,422.00,365.00,"4W",20323,"Warbelow","06967","D","4W","Warbelow",1,5,11007,1100702,31007,"CIK","Chalkyitsik, AK","AK","02","Alaska",1,11630,1163002,31517,"FAI","Fairbanks, AK","AK","02","Alaska",1,1,"194",1,2013,1,1,1,"F",
0.00,22.00,40444.00,198.00,52.00,11.00,107.00,42.00,467.00,401.00,"4W",20323,"Warbelow","06967","D","4W","Warbelow",1,5,11007,1100702,31007,"CIK","Chalkyitsik, AK","AK","02","Alaska",1,11833,1183303,31833,"FYU","Fort Yukon, AK","AK","02","Alaska",1,1,"194",1,2013,1,1,1,"F",
0.00,1.00,1830.00,9.00,0.00,198.00,83.00,57.00,23.00,20.00,"4W",20323,"Warbelow","06967","D","4W","Warbelow",1,5,11007,1100702,31007,"CIK","Chalkyitsik, AK","AK","02","Alaska",1,12370,1237003,32370,"IRC","Circle, AK","AK","02","Alaska",1,1,"194",1,2013,1,1,1,"F",
0.00,2.00,3261.00,18.00,6.00,305.00,43.00,73.00,81.00,68.00,"4W",20323,"Warbelow","06967","D","4W","Warbelow",1,5,11214,1121402,31214,"CXF","Coldfoot, AK","AK","02","Alaska",1,10247,1024702,30247,"AKP","Anaktuvuk Pass, AK","AK","02","Alaska",1,1,"194",1,2013,1,1,1,"F",
0.00,3.00,5600.00,27.00,3.00,0.00,0.00,181.00,184.00,159.00,"4W",20323,"Warbelow","06967","D","4W","Warbelow",1,5,11214,1121402,31214,"CXF","Coldfoot, AK","AK","02","Alaska",1,11630,1163002,31517,"FAI","Fairbanks, AK","AK","02","Alaska",1,1,"194",1,2013,1,1,1,"F",
0.00,33.00,80552.00,297.00,180.00,0.00,0.00,181.00,2123.00,1844.00,"4W",20323,"Warbelow","06967","D","4W","Warbelow",1,5,11214,1121402,31214,"CXF","Coldfoot, AK","AK","02","Alaska",1,11630,1163002,31517,"FAI","Fairbanks, AK","AK","02","Alaska",1,1,"194",1,2013,1,1,1,"L",
0.00,5.00,9248.00,45.00,10.00,0.00,0.00,91.00,204.00,177.00,"4W",20323,"Warbelow","06967","D","4W","Warbelow",1,5,11630,1163002,31517,"FAI","Fairbanks, AK","AK","02","Alaska",1,10040,1004001,30040,"A27","Pogo Mines, AK","AK","02","Alaska",1,1,"194",1,2013,1,1,1,"L",
0.00,1.00,1398.00,9.00,1.00,0.00,0.00,182.00,60.00,53.00,"4W",20323,"Warbelow","06967","D","4W","Warbelow",1,5,11630,1163002,31517,"FAI","Fairbanks, AK","AK","02","Alaska",1,10184,1018402,30184,"AET","Allakaket, AK","AK","02","Alaska",1,1,"194",1,2013,1,1,1,"L",
0.00,30.00,41004.00,270.00,42.00,1493.00,17946.00,254.00,2876.00,2477.00,"4W",20323,"Warbelow","06967","D","4W","Warbelow",1,5,11630,1163002,31517,"FAI","Fairbanks, AK","AK","02","Alaska",1,10247,1024702,30247,"AKP","Anaktuvuk Pass, AK","AK","02","Alaska",1,1,"194",1,2013,1,1,1,"F",
0.00,7.00,10171.00,63.00,18.00,355.00,2550.00,179.00,488.00,419.00,"4W",20323,"Warbelow","06967","D","4W","Warbelow",1,5,11630,1163002,31517,"FAI","Fairbanks, AK","AK","02","Alaska",1,10783,1078302,30783,"BTT","Bettles, AK","AK","02","Alaska",1,1,"194",1,2013,1,1,1,"F",
0.00,3.00,4626.00,27.00,21.00,0.00,0.00,179.00,196.00,165.00,"4W",20323,"Warbelow","06967","D","4W","Warbelow",1,5,11630,1163002,31517,"FAI","Fairbanks, AK","AK","02","Alaska",1,10783,1078302,30783,"BTT","Bettles, AK","AK","02","Alaska",1,1,"194",1,2013,1,1,1,"L",
0.00,5.00,8368.00,45.00,3.00,562.00,685.00,104.00,216.00,183.00,"4W",20323,"Warbelow","06967","D","4W","Warbelow",1,5,11630,1163002,31517,"FAI","Fairbanks, AK","AK","02","Alaska",1,10938,1093802,30938,"CEM","Central, AK","AK","02","Alaska",1,1,"194",1,2013,1,1,1,"F",
0.00,6.00,9793.00,54.00,11.00,468.00,4280.00,173.00,400.00,347.00,"4W",20323,"Warbelow","06967","D","4W","Warbelow",1,5,11630,1163002,31517,"FAI","Fairbanks, AK","AK","02","Alaska",1,11007,1100702,31007,"CIK","Chalkyitsik, AK","AK","02","Alaska",1,1,"194",1,2013,1,1,1,"F",
0.00,2.00,2669.00,18.00,7.00,159.00,43.00,181.00,154.00,130.00,"4W",20323,"Warbelow","06967","D","4W","Warbelow",1,5,11630,1163002,31517,"FAI","Fairbanks, AK","AK","02","Alaska",1,11214,1121402,31214,"CXF","Coldfoot, AK","AK","02","Alaska",1,1,"194",1,2013,1,1,1,"F",
0.00,33.00,52564.00,297.00,159.00,0.00,0.00,181.00,2269.00,1969.00,"4W",20323,"Warbelow","06967","D","4W","Warbelow",1,5,11630,1163002,31517,"FAI","Fairbanks, AK","AK","02","Alaska",1,11214,1121402,31214,"CXF","Coldfoot, AK","AK","02","Alaska",1,1,"194",1,2013,1,1,1,"L",
0.00,30.00,47810.00,270.00,211.00,0.00,0.00,0.00,3692.00,3215.00,"4W",20323,"Warbelow","06967","D","4W","Warbelow",1,5,11630,1163002,31517,"FAI","Fairbanks, AK","AK","02","Alaska",1,11630,1163002,31517,"FAI","Fairbanks, AK","AK","02","Alaska",1,1,"194",1,2013,1,1,1,"L",
0.00,84.00,136839.00,756.00,251.00,19245.00,31896.00,143.00,4967.00,4258.00,"4W",20323,"Warbelow","06967","D","4W","Warbelow",1,5,11630,1163002,31517,"FAI","Fairbanks, AK","AK","02","Alaska",1,11833,1183303,31833,"FYU","Fort Yukon, AK","AK","02","Alaska",1,1,"194",1,2013,1,1,1,"F",
0.00,1.00,1335.00,9.00,1.00,0.00,0.00,268.00,78.00,70.00,"4W",20323,"Warbelow","06967","D","4W","Warbelow",1,5,11630,1163002,31517,"FAI","Fairbanks, AK","AK","02","Alaska",1,11844,1184402,31844,"GAL","Galena, AK","AK","02","Alaska",1,1,"194",1,2013,1,1,1,"F",
0.00,1.00,1378.00,9.00,5.00,244.00,0.00,254.00,104.00,94.00,"4W",20323,"Warbelow","06967","D","4W","Warbelow",1,5,11630,1163002,31517,"FAI","Fairbanks, AK","AK","02","Alaska",1,12214,1221402,32214,"HSL","Huslia, AK","AK","02","Alaska",1,1,"194",1,2013,1,1,1,"L",
0.00,10.00,16561.00,90.00,31.00,407.00,1493.00,130.00,540.00,464.00,"4W",20323,"Warbelow","06967","D","4W","Warbelow",1,5,11630,1163002,31517,"FAI","Fairbanks, AK","AK","02","Alaska",1,12370,1237003,32370,"IRC","Circle, AK","AK","02","Alaska",1,1,"194",1,2013,1,1,1,"F",
0.00,4.00,6999.00,36.00,6.00,140.00,1068.00,83.00,160.00,138.00,"4W",20323,"Warbelow","06967","D","4W","Warbelow",1,5,11630,1163002,31517,"FAI","Fairbanks, AK","AK","02","Alaska",1,13381,1338102,33381,"MLY","Manley Hot Springs, AK","AK","02","Alaska",1,1,"194",1,2013,1,1,1,"F",
0.00,9.00,15120.00,81.00,9.00,285.00,3789.00,50.00,273.00,236.00,"4W",20323,"Warbelow","06967","D","4W","Warbelow",1,5,11630,1163002,31517,"FAI","Fairbanks, AK","AK","02","Alaska",1,13415,1341503,33415,"MNT","Minto, AK","AK","02","Alaska",1,1,"194",1,2013,1,1,1,"F",
0.00,4.00,6650.00,36.00,4.00,0.00,0.00,50.00,113.00,98.00,"4W",20323,"Warbelow","06967","D","4W","Warbelow",1,5,11630,1163002,31517,"FAI","Fairbanks, AK","AK","02","Alaska",1,13415,1341503,33415,"MNT","Minto, AK","AK","02","Alaska",1,1,"194",1,2013,1,1,1,"L",
0.00,11.00,18407.00,99.00,9.00,1321.00,962.00,82.00,533.00,460.00,"4W",20323,"Warbelow","06967","D","4W","Warbelow",1,5,11630,1163002,31517,"FAI","Fairbanks, AK","AK","02","Alaska",1,14559,1455902,34559,"RMP","Rampart, AK","AK","02","Alaska",1,1,"194",1,2013,1,1,1,"F",
0.00,11.00,18814.00,99.00,25.00,3981.00,1446.00,90.00,493.00,423.00,"4W",20323,"Warbelow","06967","D","4W","Warbelow",1,5,11630,1163002,31517,"FAI","Fairbanks, AK","AK","02","Alaska",1,15061,1506102,35061,"SVS","Stevens Village, AK","AK","02","Alaska",1,1,"194",1,2013,1,1,1,"F",
0.00,46.00,76729.00,414.00,94.00,6159.00,6457.00,127.00,2635.00,2264.00,"4W",20323,"Warbelow","06967","D","4W","Warbelow",1,5,11630,1163002,31517,"FAI","Fairbanks, AK","AK","02","Alaska",1,15124,1512402,35124,"TAL","Tanana, AK","AK","02","Alaska",1,1,"194",1,2013,1,1,1,"F",
0.00,4.00,6652.00,36.00,16.00,0.00,0.00,127.00,202.00,172.00,"4W",20323,"Warbelow","06967","D","4W","Warbelow",1,5,11630,1163002,31517,"FAI","Fairbanks, AK","AK","02","Alaska",1,15124,1512402,35124,"TAL","Tanana, AK","AK","02","Alaska",1,1,"194",1,2013,1,1,1,"L",
0.00,1.00,1617.00,9.00,2.00,0.00,0.00,158.00,52.00,46.00,"4W",20323,"Warbelow","06967","D","4W","Warbelow",1,5,11630,1163002,31517,"FAI","Fairbanks, AK","AK","02","Alaska",1,15581,1558102,35581,"VEE","Venetie, AK","AK","02","Alaska",1,1,"194",1,2013,1,1,1,"L",
0.00,13.00,21648.00,117.00,41.00,4380.00,2538.00,108.00,632.00,539.00,"4W",20323,"Warbelow","06967","D","4W","Warbelow",1,5,11630,1163002,31517,"FAI","Fairbanks, AK","AK","02","Alaska",1,15725,1572503,35725,"WBQ","Beaver, AK","AK","02","Alaska",1,1,"194",1,2013,1,1,1,"F",
0.00,3.00,5100.00,27.00,15.00,0.00,0.00,108.00,167.00,147.00,"4W",20323,"Warbelow","06967","D","4W","Warbelow",1,5,11630,1163002,31517,"FAI","Fairbanks, AK","AK","02","Alaska",1,15725,1572503,35725,"WBQ","Beaver, AK","AK","02","Alaska",1,1,"194",1,2013,1,1,1,"L",
0.00,3.00,5319.00,27.00,1.00,477.00,157.00,70.00,87.00,76.00,"4W",20323,"Warbelow","06967","D","4W","Warbelow",1,5,11833,1183303,31833,"FYU","Fort Yukon, AK","AK","02","Alaska",1,10938,1093802,30938,"CEM","Central, AK","AK","02","Alaska",1,1,"194",1,2013,1,1,1,"F",
0.00,24.00,41867.00,216.00,52.00,2857.00,2230.00,42.00,552.00,473.00,"4W",20323,"Warbelow","06967","D","4W","Warbelow",1,5,11833,1183303,31833,"FYU","Fort Yukon, AK","AK","02","Alaska",1,11007,1100702,31007,"CIK","Chalkyitsik, AK","AK","02","Alaska",1,1,"194",1,2013,1,1,1,"F",
0.00,75.00,142078.00,675.00,243.00,269.00,126.00,143.00,4211.00,3616.00,"4W",20323,"Warbelow","06967","D","4W","Warbelow",1,5,11833,1183303,31833,"FYU","Fort Yukon, AK","AK","02","Alaska",1,11630,1163002,31517,"FAI","Fairbanks, AK","AK","02","Alaska",1,1,"194",1,2013,1,1,1,"F",
0.00,2.00,3582.00,18.00,1.00,82.00,128.00,61.00,51.00,44.00,"4W",20323,"Warbelow","06967","D","4W","Warbelow",1,5,11833,1183303,31833,"FYU","Fort Yukon, AK","AK","02","Alaska",1,12370,1237003,32370,"IRC","Circle, AK","AK","02","Alaska",1,1,"194",1,2013,1,1,1,"F",
0.00,1.00,2022.00,9.00,0.00,0.00,0.00,113.00,43.00,36.00,"4W",20323,"Warbelow","06967","D","4W","Warbelow",1,5,11833,1183303,31833,"FYU","Fort Yukon, AK","AK","02","Alaska",1,15061,1506102,35061,"SVS","Stevens Village, AK","AK","02","Alaska",1,1,"194",1,2013,1,1,1,"F",
0.00,1.00,2276.00,9.00,0.00,343.00,12.00,62.00,24.00,20.00,"4W",20323,"Warbelow","06967","D","4W","Warbelow",1,5,11833,1183303,31833,"FYU","Fort Yukon, AK","AK","02","Alaska",1,15725,1572503,35725,"WBQ","Beaver, AK","AK","02","Alaska",1,1,"194",1,2013,1,1,1,"F",
0.00,1.00,2427.00,9.00,2.00,0.00,0.00,61.00,24.00,22.00,"4W",20323,"Warbelow","06967","D","4W","Warbelow",1,5,11844,1184402,31844,"GAL","Galena, AK","AK","02","Alaska",1,12615,1261501,32615,"KAL","Kaltag, AK","AK","02","Alaska",1,1,"194",1,2013,1,1,1,"L",
0.00,1.00,2470.00,9.00,0.00,0.00,0.00,254.00,82.00,74.00,"4W",20323,"Warbelow","06967","D","4W","Warbelow",1,5,12214,1221402,32214,"HSL","Huslia, AK","AK","02","Alaska",1,11630,1163002,31517,"FAI","Fairbanks, AK","AK","02","Alaska",1,1,"194",1,2013,1,1,1,"F",
0.00,12.00,22456.00,108.00,15.00,114.00,1219.00,27.00,191.00,167.00,"4W",20323,"Warbelow","06967","D","4W","Warbelow",1,5,12370,1237003,32370,"IRC","Circle, AK","AK","02","Alaska",1,10938,1093802,30938,"CEM","Central, AK","AK","02","Alaska",1,1,"194",1,2013,1,1,1,"F",
0.00,9.00,17145.00,81.00,17.00,4.00,147.00,130.00,465.00,397.00,"4W",20323,"Warbelow","06967","D","4W","Warbelow",1,5,12370,1237003,32370,"IRC","Circle, AK","AK","02","Alaska",1,11630,1163002,31517,"FAI","Fairbanks, AK","AK","02","Alaska",1,1,"194",1,2013,1,1,1,"F",
0.00,1.00,2427.00,9.00,4.00,0.00,0.00,326.00,138.00,124.00,"4W",20323,"Warbelow","06967","D","4W","Warbelow",1,5,12615,1261501,32615,"KAL","Kaltag, AK","AK","02","Alaska",1,11630,1163002,31517,"FAI","Fairbanks, AK","AK","02","Alaska",1,1,"194",1,2013,1,1,1,"L",
0.00,6.00,11016.00,54.00,5.00,0.00,896.00,83.00,234.00,203.00,"4W",20323,"Warbelow","06967","D","4W","Warbelow",1,5,13381,1338102,33381,"MLY","Manley Hot Springs, AK","AK","02","Alaska",1,11630,1163002,31517,"FAI","Fairbanks, AK","AK","02","Alaska",1,1,"194",1,2013,1,1,1,"F",
0.00,4.00,7583.00,36.00,3.00,44.00,479.00,39.00,85.00,73.00,"4W",20323,"Warbelow","06967","D","4W","Warbelow",1,5,13381,1338102,33381,"MLY","Manley Hot Springs, AK","AK","02","Alaska",1,13415,1341503,33415,"MNT","Minto, AK","AK","02","Alaska",1,1,"194",1,2013,1,1,1,"F",
0.00,1.00,1735.00,9.00,1.00,0.00,144.00,45.00,20.00,17.00,"4W",20323,"Warbelow","06967","D","4W","Warbelow",1,5,13381,1338102,33381,"MLY","Manley Hot Springs, AK","AK","02","Alaska",1,15124,1512402,35124,"TAL","Tanana, AK","AK","02","Alaska",1,1,"194",1,2013,1,1,1,"F",
0.00,5.00,9866.00,45.00,6.00,27.00,454.00,50.00,165.00,141.00,"4W",20323,"Warbelow","06967","D","4W","Warbelow",1,5,13415,1341503,33415,"MNT","Minto, AK","AK","02","Alaska",1,11630,1163002,31517,"FAI","Fairbanks, AK","AK","02","Alaska",1,1,"194",1,2013,1,1,1,"F",
0.00,4.00,9674.00,36.00,21.00,0.00,0.00,50.00,94.00,79.00,"4W",20323,"Warbelow","06967","D","4W","Warbelow",1,5,13415,1341503,33415,"MNT","Minto, AK","AK","02","Alaska",1,11630,1163002,31517,"FAI","Fairbanks, AK","AK","02","Alaska",1,1,"194",1,2013,1,1,1,"L",
0.00,7.00,12487.00,63.00,5.00,69.00,1585.00,39.00,152.00,131.00,"4W",20323,"Warbelow","06967","D","4W","Warbelow",1,5,13415,1341503,33415,"MNT","Minto, AK","AK","02","Alaska",1,13381,1338102,33381,"MLY","Manley Hot Springs, AK","AK","02","Alaska",1,1,"194",1,2013,1,1,1,"F",
0.00,3.00,6627.00,27.00,20.00,162.00,0.00,80.00,99.00,89.00,"4W",20323,"Warbelow","06967","D","4W","Warbelow",1,5,13415,1341503,33415,"MNT","Minto, AK","AK","02","Alaska",1,15124,1512402,35124,"TAL","Tanana, AK","AK","02","Alaska",1,1,"194",1,2013,1,1,1,"F",
0.00,1.00,1475.00,9.00,0.00,8.00,16.00,105.00,40.00,36.00,"4W",20323,"Warbelow","06967","D","4W","Warbelow",1,5,14559,1455902,34559,"RMP","Rampart, AK","AK","02","Alaska",1,10783,1078302,30783,"BTT","Bettles, AK","AK","02","Alaska",1,1,"194",1,2013,1,1,1,"F",
0.00,9.00,17202.00,81.00,7.00,5.00,101.00,82.00,355.00,303.00,"4W",20323,"Warbelow","06967","D","4W","Warbelow",1,5,14559,1455902,34559,"RMP","Rampart, AK","AK","02","Alaska",1,11630,1163002,31517,"FAI","Fairbanks, AK","AK","02","Alaska",1,1,"194",1,2013,1,1,1,"F",
0.00,1.00,1747.00,9.00,0.00,110.00,3.00,61.00,29.00,25.00,"4W",20323,"Warbelow","06967","D","4W","Warbelow",1,5,14559,1455902,34559,"RMP","Rampart, AK","AK","02","Alaska",1,15124,1512402,35124,"TAL","Tanana, AK","AK","02","Alaska",1,1,"194",1,2013,1,1,1,"F",
0.00,1.00,1879.00,9.00,1.00,192.00,382.00,97.00,39.00,33.00,"4W",20323,"Warbelow","06967","D","4W","Warbelow",1,5,14559,1455902,34559,"RMP","Rampart, AK","AK","02","Alaska",1,15725,1572503,35725,"WBQ","Beaver, AK","AK","02","Alaska",1,1,"194",1,2013,1,1,1,"F",
0.00,12.00,23103.00,108.00,35.00,241.00,70.00,90.00,447.00,382.00,"4W",20323,"Warbelow","06967","D","4W","Warbelow",1,5,15061,1506102,35061,"SVS","Stevens Village, AK","AK","02","Alaska",1,11630,1163002,31517,"FAI","Fairbanks, AK","AK","02","Alaska",1,1,"194",1,2013,1,1,1,"F",
0.00,1.00,1889.00,9.00,0.00,42.00,3.00,47.00,27.00,23.00,"4W",20323,"Warbelow","06967","D","4W","Warbelow",1,5,15061,1506102,35061,"SVS","Stevens Village, AK","AK","02","Alaska",1,14559,1455902,34559,"RMP","Rampart, AK","AK","02","Alaska",1,1,"194",1,2013,1,1,1,"F",
0.00,10.00,18667.00,90.00,27.00,1797.00,592.00,52.00,253.00,219.00,"4W",20323,"Warbelow","06967","D","4W","Warbelow",1,5,15061,1506102,35061,"SVS","Stevens Village, AK","AK","02","Alaska",1,15725,1572503,35725,"WBQ","Beaver, AK","AK","02","Alaska",1,1,"194",1,2013,1,1,1,"F",
0.00,51.00,96176.00,459.00,134.00,66.00,663.00,127.00,2702.00,2332.00,"4W",20323,"Warbelow","06967","D","4W","Warbelow",1,5,15124,1512402,35124,"TAL","Tanana, AK","AK","02","Alaska",1,11630,1163002,31517,"FAI","Fairbanks, AK","AK","02","Alaska",1,1,"194",1,2013,1,1,1,"F",
0.00,2.00,4856.00,18.00,9.00,0.00,0.00,127.00,105.00,91.00,"4W",20323,"Warbelow","06967","D","4W","Warbelow",1,5,15124,1512402,35124,"TAL","Tanana, AK","AK","02","Alaska",1,11630,1163002,31517,"FAI","Fairbanks, AK","AK","02","Alaska",1,1,"194",1,2013,1,1,1,"L",
0.00,2.00,4820.00,18.00,17.00,0.00,0.00,80.00,71.00,60.00,"4W",20323,"Warbelow","06967","D","4W","Warbelow",1,5,15124,1512402,35124,"TAL","Tanana, AK","AK","02","Alaska",1,13415,1341503,33415,"MNT","Minto, AK","AK","02","Alaska",1,1,"194",1,2013,1,1,1,"L",
0.00,1.00,1816.00,9.00,2.00,0.00,0.00,158.00,62.00,54.00,"4W",20323,"Warbelow","06967","D","4W","Warbelow",1,5,15581,1558102,35581,"VEE","Venetie, AK","AK","02","Alaska",1,11630,1163002,31517,"FAI","Fairbanks, AK","AK","02","Alaska",1,1,"194",1,2013,1,1,1,"L",
0.00,15.00,29651.00,135.00,41.00,305.00,82.00,108.00,691.00,595.00,"4W",20323,"Warbelow","06967","D","4W","Warbelow",1,5,15725,1572503,35725,"WBQ","Beaver, AK","AK","02","Alaska",1,11630,1163002,31517,"FAI","Fairbanks, AK","AK","02","Alaska",1,1,"194",1,2013,1,1,1,"F",
0.00,2.00,4975.00,18.00,15.00,0.00,0.00,108.00,92.00,79.00,"4W",20323,"Warbelow","06967","D","4W","Warbelow",1,5,15725,1572503,35725,"WBQ","Beaver, AK","AK","02","Alaska",1,11630,1163002,31517,"FAI","Fairbanks, AK","AK","02","Alaska",1,1,"194",1,2013,1,1,1,"L",
0.00,11.00,20047.00,99.00,26.00,1855.00,428.00,52.00,258.00,221.00,"4W",20323,"Warbelow","06967","D","4W","Warbelow",1,5,15725,1572503,35725,"WBQ","Beaver, AK","AK","02","Alaska",1,15061,1506102,35061,"SVS","Stevens Village, AK","AK","02","Alaska",1,1,"194",1,2013,1,1,1,"F",
0.00,2.00,15480.00,74.00,30.00,0.00,0.00,34.00,55.00,42.00,"7H",20327,"Era Aviation","06989","D","7H","Era Aviation",1,5,11381,1138101,30073,"AA8","Deadhorse, AK","AK","02","Alaska",1,14709,1470903,30073,"SCC","Deadhorse, AK","AK","02","Alaska",1,4,"483",3,2013,1,1,1,"L",
0.00,22.00,76015.00,418.00,355.00,127.00,876.00,253.00,1497.00,1318.00,"7H",20327,"Era Aviation","06989","D","7H","Era Aviation",1,5,10170,1017001,30070,"ADQ","Kodiak, AK","AK","02","Alaska",1,10299,1029904,30299,"ANC","Anchorage, AK","AK","02","Alaska",1,4,"405",3,2013,1,1,1,"F",
0.00,100.00,774000.00,3692.00,1931.00,4301.00,28155.00,253.00,6878.00,6006.00,"7H",20327,"Era Aviation","06989","D","7H","Era Aviation",1,5,10170,1017001,30070,"ADQ","Kodiak, AK","AK","02","Alaska",1,10299,1029904,30299,"ANC","Anchorage, AK","AK","02","Alaska",1,4,"483",3,2013,1,1,1,"F",
0.00,1.00,3450.00,19.00,4.00,0.00,0.00,253.00,66.00,51.00,"7H",20327,"Era Aviation","06989","D","7H","Era Aviation",1,5,10170,1017001,30070,"ADQ","Kodiak, AK","AK","02","Alaska",1,10299,1029904,30299,"ANC","Anchorage, AK","AK","02","Alaska",1,4,"405",3,2013,1,1,1,"L",
0.00,4.00,30960.00,148.00,63.00,0.00,0.00,253.00,358.00,323.00,"7H",20327,"Era Aviation","06989","D","7H","Era Aviation",1,5,10170,1017001,30070,"ADQ","Kodiak, AK","AK","02","Alaska",1,10299,1029904,30299,"ANC","Anchorage, AK","AK","02","Alaska",1,4,"483",3,2013,1,1,1,"L",
0.00,1.00,7740.00,37.00,29.00,0.00,0.00,607.00,171.00,165.00,"7H",20327,"Era Aviation","06989","D","7H","Era Aviation",1,5,10170,1017001,30070,"ADQ","Kodiak, AK","AK","02","Alaska",1,11445,1144503,31445,"DUT","Unalaska, AK","AK","02","Alaska",1,4,"483",3,2013,1,1,2,"F",
0.00,5.00,38700.00,185.00,147.00,0.00,0.00,607.00,876.00,826.00,"7H",20327,"Era Aviation","06989","D","7H","Era Aviation",1,5,10170,1017001,30070,"ADQ","Kodiak, AK","AK","02","Alaska",1,11445,1144503,31445,"DUT","Unalaska, AK","AK","02","Alaska",1,4,"483",3,2013,1,1,2,"L",
0.00,1.00,7740.00,37.00,37.00,66.00,0.00,200.00,69.00,63.00,"7H",20327,"Era Aviation","06989","D","7H","Era Aviation",1,5,10170,1017001,30070,"ADQ","Kodiak, AK","AK","02","Alaska",1,11555,1155502,31555,"ENA","Kenai, AK","AK","02","Alaska",1,4,"483",3,2013,1,1,1,"F",
0.00,2.00,15480.00,74.00,35.00,1607.00,0.00,627.00,302.00,265.00,"7H",20327,"Era Aviation","06989","D","7H","Era Aviation",1,5,10299,1029904,30299,"ANC","Anchorage, AK","AK","02","Alaska",1,11381,1138101,30073,"AA8","Deadhorse, AK","AK","02","Alaska",1,4,"483",3,2013,1,1,2,"L",
0.00,22.00,72150.00,418.00,257.00,1156.00,108.00,253.00,1602.00,1401.00,"7H",20327,"Era Aviation","06989","D","7H","Era Aviation",1,5,10299,1029904,30299,"ANC","Anchorage, AK","AK","02","Alaska",1,10170,1017001,30070,"ADQ","Kodiak, AK","AK","02","Alaska",1,4,"405",3,2013,1,1,1,"F",
0.00,101.00,781740.00,3737.00,2249.00,12748.00,1585.00,253.00,7631.00,6755.00,"7H",20327,"Era Aviation","06989","D","7H","Era Aviation",1,5,10299,1029904,30299,"ANC","Anchorage, AK","AK","02","Alaska",1,10170,1017001,30070,"ADQ","Kodiak, AK","AK","02","Alaska",1,4,"483",3,2013,1,1,1,"F",
0.00,1.00,3315.00,19.00,8.00,0.00,0.00,253.00,83.00,64.00,"7H",20327,"Era Aviation","06989","D","7H","Era Aviation",1,5,10299,1029904,30299,"ANC","Anchorage, AK","AK","02","Alaska",1,10170,1017001,30070,"ADQ","Kodiak, AK","AK","02","Alaska",1,4,"405",3,2013,1,1,1,"L",
0.00,10.00,77400.00,370.00,238.00,820.00,0.00,253.00,743.00,663.00,"7H",20327,"Era Aviation","06989","D","7H","Era Aviation",1,5,10299,1029904,30299,"ANC","Anchorage, AK","AK","02","Alaska",1,10170,1017001,30070,"ADQ","Kodiak, AK","AK","02","Alaska",1,4,"483",3,2013,1,1,1,"L",
0.00,2.00,6975.00,38.00,25.00,172.00,0.00,0.00,124.00,99.00,"7H",20327,"Era Aviation","06989","D","7H","Era Aviation",1,5,10299,1029904,30299,"ANC","Anchorage, AK","AK","02","Alaska",1,10299,1029904,30299,"ANC","Anchorage, AK","AK","02","Alaska",1,4,"405",3,2013,1,1,1,"F",
0.00,4.00,30960.00,148.00,97.00,554.00,27.00,0.00,284.00,244.00,"7H",20327,"Era Aviation","06989","D","7H","Era Aviation",1,5,10299,1029904,30299,"ANC","Anchorage, AK","AK","02","Alaska",1,10299,1029904,30299,"ANC","Anchorage, AK","AK","02","Alaska",1,4,"483",3,2013,1,1,1,"F",
0.00,1.00,7740.00,37.00,31.00,0.00,0.00,0.00,28.00,21.00,"7H",20327,"Era Aviation","06989","D","7H","Era Aviation",1,5,10299,1029904,30299,"ANC","Anchorage, AK","AK","02","Alaska",1,10299,1029904,30299,"ANC","Anchorage, AK","AK","02","Alaska",1,4,"483",3,2013,1,1,1,"L",
0.00,13.00,41844.00,247.00,155.00,31.00,2641.00,318.00,1147.00,1011.00,"7H",20327,"Era Aviation","06989","D","7H","Era Aviation",1,5,10299,1029904,30299,"ANC","Anchorage, AK","AK","02","Alaska",1,10304,1030401,30304,"ANI","Aniak, AK","AK","02","Alaska",1,4,"405",3,2013,1,1,1,"F",
0.00,14.00,107870.00,430.00,222.00,3646.00,8608.00,318.00,1154.00,1037.00,"7H",20327,"Era Aviation","06989","D","7H","Era Aviation",1,5,10299,1029904,30299,"ANC","Anchorage, AK","AK","02","Alaska",1,10304,1030401,30304,"ANI","Aniak, AK","AK","02","Alaska",1,4,"483",3,2013,1,1,1,"F",
0.00,39.00,120311.00,741.00,381.00,4459.00,5.00,399.00,3995.00,3632.00,"7H",20327,"Era Aviation","06989","D","7H","Era Aviation",1,5,10299,1029904,30299,"ANC","Anchorage, AK","AK","02","Alaska",1,10551,1055102,30113,"BET","Bethel, AK","AK","02","Alaska",1,4,"405",3,2013,1,1,1,"F",
0.00,14.00,108360.00,518.00,257.00,3634.00,78.00,399.00,1396.00,1275.00,"7H",20327,"Era Aviation","06989","D","7H","Era Aviation",1,5,10299,1029904,30299,"ANC","Anchorage, AK","AK","02","Alaska",1,10551,1055102,30113,"BET","Bethel, AK","AK","02","Alaska",1,4,"483",3,2013,1,1,1,"F",
0.00,9.00,69660.00,333.00,266.00,0.00,0.00,620.00,1602.00,1514.00,"7H",20327,"Era Aviation","06989","D","7H","Era Aviation",1,5,10299,1029904,30299,"ANC","Anchorage, AK","AK","02","Alaska",1,10917,1091702,30082,"CDB","Cold Bay, AK","AK","02","Alaska",1,4,"483",3,2013,1,1,2,"L",
0.00,15.00,45735.00,285.00,91.00,624.00,0.00,160.00,838.00,712.00,"7H",20327,"Era Aviation","06989","D","7H","Era Aviation",1,5,10299,1029904,30299,"ANC","Anchorage, AK","AK","02","Alaska",1,10926,1092603,30913,"CDV","Cordova, AK","AK","02","Alaska",1,4,"405",3,2013,1,1,1,"F",
0.00,1.00,7740.00,37.00,24.00,241.00,0.00,160.00,55.00,41.00,"7H",20327,"Era Aviation","06989","D","7H","Era Aviation",1,5,10299,1029904,30299,"ANC","Anchorage, AK","AK","02","Alaska",1,10926,1092603,30913,"CDV","Cordova, AK","AK","02","Alaska",1,4,"483",3,2013,1,1,1,"F",
0.00,238.00,828227.00,4522.00,2808.00,14027.00,4103.00,59.00,6731.00,4652.00,"7H",20327,"Era Aviation","06989","D","7H","Era Aviation",1,5,10299,1029904,30299,"ANC","Anchorage, AK","AK","02","Alaska",1,11555,1155502,31555,"ENA","Kenai, AK","AK","02","Alaska",1,4,"405",3,2013,1,1,1,"F",
0.00,110.00,851400.00,4054.00,2158.00,15224.00,2564.00,59.00,2968.00,2061.00,"7H",20327,"Era Aviation","06989","D","7H","Era Aviation",1,5,10299,1029904,30299,"ANC","Anchorage, AK","AK","02","Alaska",1,11555,1155502,31555,"ENA","Kenai, AK","AK","02","Alaska",1,4,"483",3,2013,1,1,1,"F",
0.00,1.00,3360.00,19.00,7.00,0.00,0.00,59.00,26.00,20.00,"7H",20327,"Era Aviation","06989","D","7H","Era Aviation",1,5,10299,1029904,30299,"ANC","Anchorage, AK","AK","02","Alaska",1,11555,1155502,31555,"ENA","Kenai, AK","AK","02","Alaska",1,4,"405",3,2013,1,1,1,"L",
0.00,4.00,30960.00,148.00,72.00,518.00,0.00,59.00,110.00,80.00,"7H",20327,"Era Aviation","06989","D","7H","Era Aviation",1,5,10299,1029904,30299,"ANC","Anchorage, AK","AK","02","Alaska",1,11555,1155502,31555,"ENA","Kenai, AK","AK","02","Alaska",1,4,"483",3,2013,1,1,1,"L",
0.00,39.00,132582.00,741.00,372.00,1380.00,8710.00,261.00,2586.00,2230.00,"7H",20327,"Era Aviation","06989","D","7H","Era Aviation",1,5,10299,1029904,30299,"ANC","Anchorage, AK","AK","02","Alaska",1,11630,1163002,31517,"FAI","Fairbanks, AK","AK","02","Alaska",1,4,"405",3,2013,1,1,1,"F",
0.00,73.00,565020.00,2677.00,1525.00,12383.00,18950.00,261.00,4817.00,4160.00,"7H",20327,"Era Aviation","06989","D","7H","Era Aviation",1,5,10299,1029904,30299,"ANC","Anchorage, AK","AK","02","Alaska",1,11630,1163002,31517,"FAI","Fairbanks, AK","AK","02","Alaska",1,4,"483",3,2013,1,1,1,"F",
0.00,1.00,3360.00,19.00,19.00,0.00,0.00,261.00,62.00,52.00,"7H",20327,"Era Aviation","06989","D","7H","Era Aviation",1,5,10299,1029904,30299,"ANC","Anchorage, AK","AK","02","Alaska",1,11630,1163002,31517,"FAI","Fairbanks, AK","AK","02","Alaska",1,4,"405",3,2013,1,1,1,"L",
0.00,13.00,100620.00,481.00,188.00,950.00,0.00,261.00,870.00,745.00,"7H",20327,"Era Aviation","06989","D","7H","Era Aviation",1,5,10299,1029904,30299,"ANC","Anchorage, AK","AK","02","Alaska",1,11630,1163002,31517,"FAI","Fairbanks, AK","AK","02","Alaska",1,4,"483",3,2013,1,1,1,"L",
0.00,2.00,15480.00,74.00,36.00,0.00,0.00,329.00,154.00,138.00,"7H",20327,"Era Aviation","06989","D","7H","Era Aviation",1,5,10299,1029904,30299,"ANC","Anchorage, AK","AK","02","Alaska",1,11844,1184402,31844,"GAL","Galena, AK","AK","02","Alaska",1,4,"483",3,2013,1,1,1,"L",
0.00,105.00,359841.00,1995.00,1343.00,5131.00,2642.00,117.00,4560.00,3624.00,"7H",20327,"Era Aviation","06989","D","7H","Era Aviation",1,5,10299,1029904,30299,"ANC","Anchorage, AK","AK","02","Alaska",1,12184,1218402,30009,"HOM","Homer, AK","AK","02","Alaska",1,4,"405",3,2013,1,1,1,"F",
0.00,28.00,216720.00,1036.00,540.00,2979.00,1811.00,117.00,1301.00,1064.00,"7H",20327,"Era Aviation","06989","D","7H","Era Aviation",1,5,10299,1029904,30299,"ANC","Anchorage, AK","AK","02","Alaska",1,12184,1218402,30009,"HOM","Homer, AK","AK","02","Alaska",1,4,"483",3,2013,1,1,1,"F",
0.00,4.00,30960.00,148.00,92.00,66.00,0.00,117.00,170.00,141.00,"7H",20327,"Era Aviation","06989","D","7H","Era Aviation",1,5,10299,1029904,30299,"ANC","Anchorage, AK","AK","02","Alaska",1,12184,1218402,30009,"HOM","Homer, AK","AK","02","Alaska",1,4,"483",3,2013,1,1,1,"L",
0.00,9.00,26422.00,171.00,91.00,9.00,1415.00,442.00,935.00,824.00,"7H",20327,"Era Aviation","06989","D","7H","Era Aviation",1,5,10299,1029904,30299,"ANC","Anchorage, AK","AK","02","Alaska",1,12807,1280702,32807,"KSM","St. Mary's, AK","AK","02","Alaska",1,4,"405",3,2013,1,1,1,"F",
0.00,17.00,131580.00,517.00,318.00,3367.00,11363.00,442.00,1914.00,1716.00,"7H",20327,"Era Aviation","06989","D","7H","Era Aviation",1,5,10299,1029904,30299,"ANC","Anchorage, AK","AK","02","Alaska",1,12807,1280702,32807,"KSM","St. Mary's, AK","AK","02","Alaska",1,4,"483",3,2013,1,1,1,"F",
0.00,1.00,3360.00,19.00,15.00,0.00,0.00,775.00,160.00,138.00,"7H",20327,"Era Aviation","06989","D","7H","Era Aviation",1,5,10299,1029904,30299,"ANC","Anchorage, AK","AK","02","Alaska",1,12819,1281902,31401,"KTN","Ketchikan, AK","AK","02","Alaska",1,4,"405",3,2013,1,1,2,"L",
0.00,1.00,3360.00,19.00,13.00,0.00,0.00,539.00,127.00,111.00,"7H",20327,"Era Aviation","06989","D","7H","Era Aviation",1,5,10299,1029904,30299,"ANC","Anchorage, AK","AK","02","Alaska",1,13873,1387302,33873,"OME","Nome, AK","AK","02","Alaska",1,4,"405",3,2013,1,1,2,"L",
0.00,1.00,7740.00,37.00,11.00,0.00,0.00,627.00,173.00,162.00,"7H",20327,"Era Aviation","06989","D","7H","Era Aviation",1,5,10299,1029904,30299,"ANC","Anchorage, AK","AK","02","Alaska",1,14709,1470903,30073,"SCC","Deadhorse, AK","AK","02","Alaska",1,4,"483",3,2013,1,1,2,"F",
0.00,2.00,15480.00,74.00,33.00,0.00,0.00,627.00,271.00,254.00,"7H",20327,"Era Aviation","06989","D","7H","Era Aviation",1,5,10299,1029904,30299,"ANC","Anchorage, AK","AK","02","Alaska",1,14709,1470903,30073,"SCC","Deadhorse, AK","AK","02","Alaska",1,4,"483",3,2013,1,1,2,"L",
0.00,6.00,18170.00,114.00,68.00,514.00,1272.00,393.00,630.00,574.00,"7H",20327,"Era Aviation","06989","D","7H","Era Aviation",1,5,10299,1029904,30299,"ANC","Anchorage, AK","AK","02","Alaska",1,15478,1547802,35478,"UNK","Unalakleet, AK","AK","02","Alaska",1,4,"405",3,2013,1,1,1,"F",
0.00,19.00,145590.00,583.00,279.00,2850.00,19352.00,393.00,1820.00,1669.00,"7H",20327,"Era Aviation","06989","D","7H","Era Aviation",1,5,10299,1029904,30299,"ANC","Anchorage, AK","AK","02","Alaska",1,15478,1547802,35478,"UNK","Unalakleet, AK","AK","02","Alaska",1,4,"483",3,2013,1,1,1,"F",
0.00,18.00,57470.00,342.00,140.00,1692.00,702.00,126.00,803.00,639.00,"7H",20327,"Era Aviation","06989","D","7H","Era Aviation",1,5,10299,1029904,30299,"ANC","Anchorage, AK","AK","02","Alaska",1,15579,1557902,35579,"VDZ","Valdez, AK","AK","02","Alaska",1,4,"405",3,2013,1,1,1,"F",
0.00,28.00,216720.00,1028.00,485.00,3380.00,0.00,126.00,1243.00,968.00,"7H",20327,"Era Aviation","06989","D","7H","Era Aviation",1,5,10299,1029904,30299,"ANC","Anchorage, AK","AK","02","Alaska",1,15579,1557902,35579,"VDZ","Valdez, AK","AK","02","Alaska",1,4,"483",3,2013,1,1,1,"F",
0.00,13.00,43770.00,247.00,164.00,31.00,0.00,318.00,1082.00,958.00,"7H",20327,"Era Aviation","06989","D","7H","Era Aviation",1,5,10304,1030401,30304,"ANI","Aniak, AK","AK","02","Alaska",1,10299,1029904,30299,"ANC","Anchorage, AK","AK","02","Alaska",1,4,"405",3,2013,1,1,1,"F",
0.00,11.00,85140.00,335.00,186.00,129.00,0.00,318.00,929.00,829.00,"7H",20327,"Era Aviation","06989","D","7H","Era Aviation",1,5,10304,1030401,30304,"ANI","Aniak, AK","AK","02","Alaska",1,10299,1029904,30299,"ANC","Anchorage, AK","AK","02","Alaska",1,4,"483",3,2013,1,1,1,"F",
0.00,2.00,15480.00,58.00,32.00,1.00,28.00,127.00,85.00,64.00,"7H",20327,"Era Aviation","06989","D","7H","Era Aviation",1,5,10304,1030401,30304,"ANI","Aniak, AK","AK","02","Alaska",1,12807,1280702,32807,"KSM","St. Mary's, AK","AK","02","Alaska",1,4,"483",3,2013,1,1,1,"F",
0.00,1.00,7740.00,37.00,20.00,0.00,0.00,127.00,97.00,84.00,"7H",20327,"Era Aviation","06989","D","7H","Era Aviation",1,5,10304,1030401,30304,"ANI","Aniak, AK","AK","02","Alaska",1,12807,1280702,32807,"KSM","St. Mary's, AK","AK","02","Alaska",1,4,"483",3,2013,1,1,1,"L",
0.00,1.00,3360.00,19.00,17.00,0.00,0.00,165.00,57.00,41.00,"7H",20327,"Era Aviation","06989","D","7H","Era Aviation",1,5,10304,1030401,30304,"ANI","Aniak, AK","AK","02","Alaska",1,15478,1547802,35478,"UNK","Unalakleet, AK","AK","02","Alaska",1,4,"405",3,2013,1,1,1,"F",
0.00,2.00,15480.00,66.00,16.00,0.00,210.00,165.00,145.00,123.00,"7H",20327,"Era Aviation","06989","D","7H","Era Aviation",1,5,10304,1030401,30304,"ANI","Aniak, AK","AK","02","Alaska",1,15478,1547802,35478,"UNK","Unalakleet, AK","AK","02","Alaska",1,4,"483",3,2013,1,1,1,"F",
0.00,37.00,123150.00,703.00,410.00,626.00,451.00,399.00,3168.00,2835.00,"7H",20327,"Era Aviation","06989","D","7H","Era Aviation",1,5,10551,1055102,30113,"BET","Bethel, AK","AK","02","Alaska",1,10299,1029904,30299,"ANC","Anchorage, AK","AK","02","Alaska",1,4,"405",3,2013,1,1,1,"F",
0.00,14.00,108360.00,518.00,198.00,31.00,1593.00,399.00,1321.00,1204.00,"7H",20327,"Era Aviation","06989","D","7H","Era Aviation",1,5,10551,1055102,30113,"BET","Bethel, AK","AK","02","Alaska",1,10299,1029904,30299,"ANC","Anchorage, AK","AK","02","Alaska",1,4,"483",3,2013,1,1,1,"F",
0.00,1.00,3360.00,19.00,17.00,0.00,0.00,399.00,100.00,87.00,"7H",20327,"Era Aviation","06989","D","7H","Era Aviation",1,5,10551,1055102,30113,"BET","Bethel, AK","AK","02","Alaska",1,10299,1029904,30299,"ANC","Anchorage, AK","AK","02","Alaska",1,4,"405",3,2013,1,1,1,"L",
0.00,1.00,7740.00,37.00,26.00,0.00,0.00,315.00,84.00,74.00,"7H",20327,"Era Aviation","06989","D","7H","Era Aviation",1,5,10551,1055102,30113,"BET","Bethel, AK","AK","02","Alaska",1,11844,1184402,31844,"GAL","Galena, AK","AK","02","Alaska",1,4,"483",3,2013,1,1,1,"L",
0.00,1.00,3360.00,19.00,11.00,0.00,0.00,101.00,41.00,35.00,"7H",20327,"Era Aviation","06989","D","7H","Era Aviation",1,5,10551,1055102,30113,"BET","Bethel, AK","AK","02","Alaska",1,12807,1280702,32807,"KSM","St. Mary's, AK","AK","02","Alaska",1,4,"405",3,2013,1,1,1,"F",
0.00,1.00,7740.00,37.00,32.00,0.00,0.00,620.00,138.00,119.00,"7H",20327,"Era Aviation","06989","D","7H","Era Aviation",1,5,10917,1091702,30082,"CDB","Cold Bay, AK","AK","02","Alaska",1,10299,1029904,30299,"ANC","Anchorage, AK","AK","02","Alaska",1,4,"483",3,2013,1,1,2,"L",
0.00,8.00,61920.00,296.00,234.00,0.00,0.00,178.00,535.00,445.00,"7H",20327,"Era Aviation","06989","D","7H","Era Aviation",1,5,10917,1091702,30082,"CDB","Cold Bay, AK","AK","02","Alaska",1,11445,1144503,31445,"DUT","Unalaska, AK","AK","02","Alaska",1,4,"483",3,2013,1,1,1,"L",
0.00,15.00,50960.00,285.00,112.00,160.00,1618.00,160.00,823.00,684.00,"7H",20327,"Era Aviation","06989","D","7H","Era Aviation",1,5,10926,1092603,30913,"CDV","Cordova, AK","AK","02","Alaska",1,10299,1029904,30299,"ANC","Anchorage, AK","AK","02","Alaska",1,4,"405",3,2013,1,1,1,"F",
0.00,1.00,7740.00,37.00,6.00,1.00,0.00,160.00,64.00,51.00,"7H",20327,"Era Aviation","06989","D","7H","Era Aviation",1,5,10926,1092603,30913,"CDV","Cordova, AK","AK","02","Alaska",1,10299,1029904,30299,"ANC","Anchorage, AK","AK","02","Alaska",1,4,"483",3,2013,1,1,1,"F",
0.00,1.00,3360.00,19.00,19.00,0.00,0.00,274.00,73.00,60.00,"7H",20327,"Era Aviation","06989","D","7H","Era Aviation",1,5,11336,1133602,31336,"DLG","Dillingham, AK","AK","02","Alaska",1,11555,1155502,31555,"ENA","Kenai, AK","AK","02","Alaska",1,4,"405",3,2013,1,1,1,"L",
0.00,5.00,38700.00,185.00,0.00,0.00,0.00,792.00,877.00,804.00,"7H",20327,"Era Aviation","06989","D","7H","Era Aviation",1,5,11445,1144503,31445,"DUT","Unalaska, AK","AK","02","Alaska",1,10299,1029904,30299,"ANC","Anchorage, AK","AK","02","Alaska",1,4,"483",3,2013,1,1,2,"L",
0.00,1.00,7740.00,37.00,37.00,0.00,0.00,200.00,55.00,49.00,"7H",20327,"Era Aviation","06989","D","7H","Era Aviation",1,5,11555,1155502,31555,"ENA","Kenai, AK","AK","02","Alaska",1,10170,1017001,30070,"ADQ","Kodiak, AK","AK","02","Alaska",1,4,"483",3,2013,1,1,1,"F",
0.00,236.00,834004.00,4484.00,3115.00,5514.00,527.00,59.00,6530.00,4557.00,"7H",20327,"Era Aviation","06989","D","7H","Era Aviation",1,5,11555,1155502,31555,"ENA","Kenai, AK","AK","02","Alaska",1,10299,1029904,30299,"ANC","Anchorage, AK","AK","02","Alaska",1,4,"405",3,2013,1,1,1,"F",
0.00,108.00,835920.00,3996.00,2262.00,5709.00,2201.00,59.00,2849.00,2013.00,"7H",20327,"Era Aviation","06989","D","7H","Era Aviation",1,5,11555,1155502,31555,"ENA","Kenai, AK","AK","02","Alaska",1,10299,1029904,30299,"ANC","Anchorage, AK","AK","02","Alaska",1,4,"483",3,2013,1,1,1,"F",
0.00,3.00,10680.00,57.00,30.00,0.00,0.00,59.00,119.00,93.00,"7H",20327,"Era Aviation","06989","D","7H","Era Aviation",1,5,11555,1155502,31555,"ENA","Kenai, AK","AK","02","Alaska",1,10299,1029904,30299,"ANC","Anchorage, AK","AK","02","Alaska",1,4,"405",3,2013,1,1,1,"L",
0.00,5.00,38700.00,185.00,82.00,1133.00,0.00,59.00,125.00,100.00,"7H",20327,"Era Aviation","06989","D","7H","Era Aviation",1,5,11555,1155502,31555,"ENA","Kenai, AK","AK","02","Alaska",1,10299,1029904,30299,"ANC","Anchorage, AK","AK","02","Alaska",1,4,"483",3,2013,1,1,1,"L",
0.00,1.00,3360.00,19.00,19.00,0.00,0.00,274.00,90.00,78.00,"7H",20327,"Era Aviation","06989","D","7H","Era Aviation",1,5,11555,1155502,31555,"ENA","Kenai, AK","AK","02","Alaska",1,11336,1133602,31336,"DLG","Dillingham, AK","AK","02","Alaska",1,4,"405",3,2013,1,1,1,"L",
0.00,39.00,135439.00,741.00,397.00,1053.00,167.00,261.00,2794.00,2434.00,"7H",20327,"Era Aviation","06989","D","7H","Era Aviation",1,5,11630,1163002,31517,"FAI","Fairbanks, AK","AK","02","Alaska",1,10299,1029904,30299,"ANC","Anchorage, AK","AK","02","Alaska",1,4,"405",3,2013,1,1,1,"F",
0.00,69.00,534060.00,2529.00,1324.00,7355.00,7791.00,261.00,5141.00,4451.00,"7H",20327,"Era Aviation","06989","D","7H","Era Aviation",1,5,11630,1163002,31517,"FAI","Fairbanks, AK","AK","02","Alaska",1,10299,1029904,30299,"ANC","Anchorage, AK","AK","02","Alaska",1,4,"483",3,2013,1,1,1,"F",
0.00,9.00,69660.00,333.00,169.00,208.00,0.00,261.00,711.00,613.00,"7H",20327,"Era Aviation","06989","D","7H","Era Aviation",1,5,11630,1163002,31517,"FAI","Fairbanks, AK","AK","02","Alaska",1,10299,1029904,30299,"ANC","Anchorage, AK","AK","02","Alaska",1,4,"483",3,2013,1,1,1,"L",
0.00,1.00,3450.00,19.00,19.00,0.00,0.00,143.00,53.00,42.00,"7H",20327,"Era Aviation","06989","D","7H","Era Aviation",1,5,11630,1163002,31517,"FAI","Fairbanks, AK","AK","02","Alaska",1,11833,1183303,31833,"FYU","Fort Yukon, AK","AK","02","Alaska",1,4,"405",3,2013,1,1,1,"L",
0.00,57.00,184044.00,1083.00,532.00,4495.00,22951.00,268.00,4361.00,3802.00,"7H",20327,"Era Aviation","06989","D","7H","Era Aviation",1,5,11630,1163002,31517,"FAI","Fairbanks, AK","AK","02","Alaska",1,11844,1184402,31844,"GAL","Galena, AK","AK","02","Alaska",1,4,"405",3,2013,1,1,1,"F",
0.00,3.00,23220.00,111.00,87.00,0.00,0.00,258.00,222.00,202.00,"7H",20327,"Era Aviation","06989","D","7H","Era Aviation",1,5,11630,1163002,31517,"FAI","Fairbanks, AK","AK","02","Alaska",1,11859,1185902,31859,"GBH","Galbraith Lake, AK","AK","02","Alaska",1,4,"483",3,2013,1,1,1,"L",
0.00,2.00,15480.00,74.00,50.00,0.00,0.00,160.00,105.00,90.00,"7H",20327,"Era Aviation","06989","D","7H","Era Aviation",1,5,11630,1163002,31517,"FAI","Fairbanks, AK","AK","02","Alaska",1,14218,1421802,34218,"PPC","Prospect Creek, AK","AK","02","Alaska",1,4,"483",3,2013,1,1,1,"L",
0.00,2.00,7360.00,38.00,29.00,0.00,0.00,373.00,183.00,168.00,"7H",20327,"Era Aviation","06989","D","7H","Era Aviation",1,5,11630,1163002,31517,"FAI","Fairbanks, AK","AK","02","Alaska",1,14709,1470903,30073,"SCC","Deadhorse, AK","AK","02","Alaska",1,4,"405",3,2013,1,1,1,"F",
0.00,26.00,201240.00,962.00,475.00,5519.00,6072.00,373.00,2286.00,2017.00,"7H",20327,"Era Aviation","06989","D","7H","Era Aviation",1,5,11630,1163002,31517,"FAI","Fairbanks, AK","AK","02","Alaska",1,14709,1470903,30073,"SCC","Deadhorse, AK","AK","02","Alaska",1,4,"483",3,2013,1,1,1,"F",
0.00,7.00,54180.00,259.00,106.00,1559.00,0.00,373.00,630.00,557.00,"7H",20327,"Era Aviation","06989","D","7H","Era Aviation",1,5,11630,1163002,31517,"FAI","Fairbanks, AK","AK","02","Alaska",1,14709,1470903,30073,"SCC","Deadhorse, AK","AK","02","Alaska",1,4,"483",3,2013,1,1,1,"L",
0.00,1.00,7740.00,37.00,14.00,844.00,0.00,336.00,94.00,86.00,"7H",20327,"Era Aviation","06989","D","7H","Era Aviation",1,5,11630,1163002,31517,"FAI","Fairbanks, AK","AK","02","Alaska",1,15472,1547202,35472,"UMT","Umiat, AK","AK","02","Alaska",1,4,"483",3,2013,1,1,1,"L",
0.00,1.00,3360.00,19.00,19.00,0.00,0.00,143.00,40.00,34.00,"7H",20327,"Era Aviation","06989","D","7H","Era Aviation",1,5,11833,1183303,31833,"FYU","Fort Yukon, AK","AK","02","Alaska",1,11630,1163002,31517,"FAI","Fairbanks, AK","AK","02","Alaska",1,4,"405",3,2013,1,1,1,"L",
0.00,1.00,7740.00,37.00,18.00,0.00,0.00,329.00,85.00,79.00,"7H",20327,"Era Aviation","06989","D","7H","Era Aviation",1,5,11844,1184402,31844,"GAL","Galena, AK","AK","02","Alaska",1,10299,1029904,30299,"ANC","Anchorage, AK","AK","02","Alaska",1,4,"483",3,2013,1,1,1,"L",
0.00,1.00,7740.00,37.00,0.00,0.00,0.00,315.00,81.00,73.00,"7H",20327,"Era Aviation","06989","D","7H","Era Aviation",1,5,11844,1184402,31844,"GAL","Galena, AK","AK","02","Alaska",1,10551,1055102,30113,"BET","Bethel, AK","AK","02","Alaska",1,4,"483",3,2013,1,1,1,"L",
0.00,56.00,187475.00,1064.00,519.00,210.00,527.00,268.00,3879.00,3454.00,"7H",20327,"Era Aviation","06989","D","7H","Era Aviation",1,5,11844,1184402,31844,"GAL","Galena, AK","AK","02","Alaska",1,11630,1163002,31517,"FAI","Fairbanks, AK","AK","02","Alaska",1,4,"405",3,2013,1,1,1,"F",
0.00,1.00,3360.00,19.00,6.00,0.00,0.00,268.00,76.00,69.00,"7H",20327,"Era Aviation","06989","D","7H","Era Aviation",1,5,11844,1184402,31844,"GAL","Galena, AK","AK","02","Alaska",1,11630,1163002,31517,"FAI","Fairbanks, AK","AK","02","Alaska",1,4,"405",3,2013,1,1,1,"L",
0.00,2.00,6720.00,38.00,16.00,0.00,0.00,61.00,56.00,45.00,"7H",20327,"Era Aviation","06989","D","7H","Era Aviation",1,5,11844,1184402,31844,"GAL","Galena, AK","AK","02","Alaska",1,12615,1261501,32615,"KAL","Kaltag, AK","AK","02","Alaska",1,4,"405",3,2013,1,1,1,"F",
0.00,1.00,7740.00,37.00,4.00,0.00,0.00,506.00,155.00,146.00,"7H",20327,"Era Aviation","06989","D","7H","Era Aviation",1,5,11859,1185902,31859,"GBH","Galbraith Lake, AK","AK","02","Alaska",1,10299,1029904,30299,"ANC","Anchorage, AK","AK","02","Alaska",1,4,"483",3,2013,1,1,2,"L",
0.00,2.00,15480.00,74.00,47.00,0.00,0.00,258.00,145.00,132.00,"7H",20327,"Era Aviation","06989","D","7H","Era Aviation",1,5,11859,1185902,31859,"GBH","Galbraith Lake, AK","AK","02","Alaska",1,11630,1163002,31517,"FAI","Fairbanks, AK","AK","02","Alaska",1,4,"483",3,2013,1,1,1,"L",
0.00,105.00,372861.00,1995.00,1356.00,3841.00,301.00,117.00,4331.00,3516.00,"7H",20327,"Era Aviation","06989","D","7H","Era Aviation",1,5,12184,1218402,30009,"HOM","Homer, AK","AK","02","Alaska",1,10299,1029904,30299,"ANC","Anchorage, AK","AK","02","Alaska",1,4,"405",3,2013,1,1,1,"F",
0.00,28.00,216720.00,1036.00,477.00,682.00,511.00,117.00,1199.00,999.00,"7H",20327,"Era Aviation","06989","D","7H","Era Aviation",1,5,12184,1218402,30009,"HOM","Homer, AK","AK","02","Alaska",1,10299,1029904,30299,"ANC","Anchorage, AK","AK","02","Alaska",1,4,"483",3,2013,1,1,1,"F",
0.00,3.00,23220.00,111.00,37.00,0.00,0.00,117.00,120.00,105.00,"7H",20327,"Era Aviation","06989","D","7H","Era Aviation",1,5,12184,1218402,30009,"HOM","Homer, AK","AK","02","Alaska",1,10299,1029904,30299,"ANC","Anchorage, AK","AK","02","Alaska",1,4,"483",3,2013,1,1,1,"L",
0.00,1.00,7740.00,37.00,32.00,0.00,0.00,695.00,158.00,150.00,"7H",20327,"Era Aviation","06989","D","7H","Era Aviation",1,5,12184,1218402,30009,"HOM","Homer, AK","AK","02","Alaska",1,11445,1144503,31445,"DUT","Unalaska, AK","AK","02","Alaska",1,4,"483",3,2013,1,1,2,"L",
0.00,1.00,3360.00,19.00,19.00,0.00,0.00,152.00,45.00,37.00,"7H",20327,"Era Aviation","06989","D","7H","Era Aviation",1,5,12214,1221402,32214,"HSL","Huslia, AK","AK","02","Alaska",1,13942,1394202,33942,"ORV","Noorvik, AK","AK","02","Alaska",1,4,"405",3,2013,1,1,1,"L",
0.00,1.00,3360.00,19.00,14.00,0.00,0.00,571.00,170.00,158.00,"7H",20327,"Era Aviation","06989","D","7H","Era Aviation",1,5,12523,1252302,32523,"JNU","Juneau, AK","AK","02","Alaska",1,10299,1029904,30299,"ANC","Anchorage, AK","AK","02","Alaska",1,4,"405",3,2013,1,1,2,"L",
0.00,2.00,6720.00,38.00,6.00,0.00,0.00,61.00,46.00,33.00,"7H",20327,"Era Aviation","06989","D","7H","Era Aviation",1,5,12615,1261501,32615,"KAL","Kaltag, AK","AK","02","Alaska",1,11844,1184402,31844,"GAL","Galena, AK","AK","02","Alaska",1,4,"405",3,2013,1,1,1,"F",
0.00,9.00,29970.00,171.00,109.00,2.00,0.00,442.00,956.00,873.00,"7H",20327,"Era Aviation","06989","D","7H","Era Aviation",1,5,12807,1280702,32807,"KSM","St. Mary's, AK","AK","02","Alaska",1,10299,1029904,30299,"ANC","Anchorage, AK","AK","02","Alaska",1,4,"405",3,2013,1,1,1,"F",
0.00,19.00,147060.00,575.00,306.00,0.00,0.00,442.00,1956.00,1802.00,"7H",20327,"Era Aviation","06989","D","7H","Era Aviation",1,5,12807,1280702,32807,"KSM","St. Mary's, AK","AK","02","Alaska",1,10299,1029904,30299,"ANC","Anchorage, AK","AK","02","Alaska",1,4,"483",3,2013,1,1,1,"F",
0.00,1.00,7740.00,37.00,23.00,0.00,0.00,442.00,100.00,89.00,"7H",20327,"Era Aviation","06989","D","7H","Era Aviation",1,5,12807,1280702,32807,"KSM","St. Mary's, AK","AK","02","Alaska",1,10299,1029904,30299,"ANC","Anchorage, AK","AK","02","Alaska",1,4,"483",3,2013,1,1,1,"L",